﻿DevicePath;MaxInputReportLength;MaxOutputReportLength;MaxFeatureReportLength;Manufacturer;ProductID;ProductName;ProductVersion;SerialNumber;VendorID
\\?\hid#vid_046d&pid_c31c&mi_01&col01#8&dbe0f55&0&0000#{4d1e55b2-f16f-11cf-88cb-001111000030};2;0;0;Logitech;49948;USB Keyboard;25600;Љ;1133
\\?\hid#vid_046d&pid_c31c&mi_00#8&5720ce9&0&0000#{4d1e55b2-f16f-11cf-88cb-001111000030};9;2;0;Logitech;49948;USB Keyboard;25600;Љ;1133
\\?\hid#vid_046d&pid_c31c&mi_01&col02#8&dbe0f55&0&0001#{4d1e55b2-f16f-11cf-88cb-001111000030};2;0;0;Logitech;49948;USB Keyboard;25600;Љ;1133
\\?\hid#vid_046d&pid_c31c&mi_01&col03#8&dbe0f55&0&0002#{4d1e55b2-f16f-11cf-88cb-001111000030};4;0;0;Logitech;49948;USB Keyboard;25600;Љ;1133
\\?\hid#vid_046d&pid_c52b&mi_00#8&11ee3e10&0&0000#{4d1e55b2-f16f-11cf-88cb-001111000030};9;2;0;Logitech;50475;USB Receiver;4611;Љ;1133
\\?\hid#vid_046d&pid_c52b&mi_01&col01#8&35c57bd2&0&0000#{4d1e55b2-f16f-11cf-88cb-001111000030};8;0;0;Logitech;50475;USB Receiver;4611;Љ;1133
\\?\hid#vid_046d&pid_c52b&mi_01&col02#8&35c57bd2&0&0001#{4d1e55b2-f16f-11cf-88cb-001111000030};5;0;0;Logitech;50475;USB Receiver;4611;Љ;1133
\\?\hid#vid_046d&pid_c52b&mi_01&col03#8&35c57bd2&0&0002#{4d1e55b2-f16f-11cf-88cb-001111000030};2;0;0;Logitech;50475;USB Receiver;4611;Љ;1133
\\?\hid#vid_046d&pid_c52b&mi_01&col04#8&35c57bd2&0&0003#{4d1e55b2-f16f-11cf-88cb-001111000030};2;0;0;Logitech;50475;USB Receiver;4611;Љ;1133
\\?\hid#vid_046d&pid_c52b&mi_02&col01#8&1e01ef8d&0&0000#{4d1e55b2-f16f-11cf-88cb-001111000030};7;7;0;Logitech;50475;USB Receiver;4611;Љ;1133
\\?\hid#vid_046d&pid_c52b&mi_02&col02#8&1e01ef8d&0&0001#{4d1e55b2-f16f-11cf-88cb-001111000030};20;20;0;Logitech;50475;USB Receiver;4611;Љ;1133
\\?\hid#vid_046d&pid_c52b&mi_02&col03#8&1e01ef8d&0&0002#{4d1e55b2-f16f-11cf-88cb-001111000030};32;32;0;Logitech;50475;USB Receiver;4611;Љ;1133
\\?\hid#vid_1532&pid_0043&mi_00#8&1f14be80&0&0000#{4d1e55b2-f16f-11cf-88cb-001111000030};9;0;91;Razer;67;Razer DeathAdder Chroma;512;Љ;5426
\\?\hid#vid_1532&pid_0043&mi_01&col01#8&751323b&0&0000#{4d1e55b2-f16f-11cf-88cb-001111000030};16;0;0;Razer;67;Razer DeathAdder Chroma;512;Љ;5426
\\?\hid#vid_1532&pid_0043&mi_01&col02#8&751323b&0&0001#{4d1e55b2-f16f-11cf-88cb-001111000030};16;0;0;Razer;67;Razer DeathAdder Chroma;512;Љ;5426
\\?\hid#vid_1532&pid_0043&mi_01&col03#8&751323b&0&0002#{4d1e55b2-f16f-11cf-88cb-001111000030};16;0;0;Razer;67;Razer DeathAdder Chroma;512;Љ;5426
\\?\hid#vid_1532&pid_0043&mi_01&col04#8&751323b&0&0003#{4d1e55b2-f16f-11cf-88cb-001111000030};16;0;0;Razer;67;Razer DeathAdder Chroma;512;Љ;5426
\\?\hid#vid_1532&pid_0043&mi_01&col05#8&751323b&0&0004#{4d1e55b2-f16f-11cf-88cb-001111000030};16;0;0;Razer;67;Razer DeathAdder Chroma;512;Љ;5426
\\?\hid#vid_1532&pid_0043&mi_02#8&220731ee&0&0000#{4d1e55b2-f16f-11cf-88cb-001111000030};9;0;0;Razer;67;Razer DeathAdder Chroma;512;Љ;5426
