﻿VendorId;ProductId;Description;DeviceId;HardwareId;CurrentDriver;DeviceType
1133;49948;USB Keyboard (Interface 0);USB\VID_046D&PID_C31C&MI_00\7&248E1B3&0&0000;USB\VID_046D&PID_C31C&REV_6400&MI_00;HidUsb;Unknown
1133;49948;USB Keyboard (Interface 1);USB\VID_046D&PID_C31C&MI_01\7&248E1B3&0&0001;USB\VID_046D&PID_C31C&REV_6400&MI_01;HidUsb;Unknown
1133;50475;USB Receiver (Interface 0);USB\VID_046D&PID_C52B&MI_00\7&218685E9&0&0000;USB\VID_046D&PID_C52B&REV_1203&MI_00;HidUsb;Unknown
1133;50475;USB Receiver (Interface 1);USB\VID_046D&PID_C52B&MI_01\7&218685E9&0&0001;USB\VID_046D&PID_C52B&REV_1203&MI_01;HidUsb;Unknown
1133;50475;USB Receiver (Interface 2);USB\VID_046D&PID_C52B&MI_02\7&218685E9&0&0002;USB\VID_046D&PID_C52B&REV_1203&MI_02;HidUsb;Unknown
1133;50479;USB Receiver (Interface 0);USB\VID_046D&PID_C52F&MI_00\7&1C303AFA&0&0000;USB\VID_046D&PID_C52F&REV_2201&MI_00;libusbK;Unknown
1133;50479;USB Receiver (Interface 1);USB\VID_046D&PID_C52F&MI_01\7&1C303AFA&0&0001;USB\VID_046D&PID_C52F&REV_2201&MI_01;libusbK;Unknown
5426;67;Razer DeathAdder Chroma (Interface 0);USB\VID_1532&PID_0043&MI_00\7&2AE6676B&0&0000;USB\VID_1532&PID_0043&REV_0200&MI_00;HidUsb;Unknown
5426;67;Razer DeathAdder Chroma (Interface 1);USB\VID_1532&PID_0043&MI_01\7&2AE6676B&0&0001;USB\VID_1532&PID_0043&REV_0200&MI_01;HidUsb;Unknown
5426;67;Razer DeathAdder Chroma (Interface 2);USB\VID_1532&PID_0043&MI_02\7&2AE6676B&0&0002;USB\VID_1532&PID_0043&REV_0200&MI_02;HidUsb;Unknown
